compressor	dataset	task	read_secs	decompress_secs	analyze_secs	total_secs	bytes_on_disk	peak_rss_kb
padoc	leworldmodel_full	operator_hotspot	0.0199	2.7186	0.0090	2.7475	38979996	642208
padoc	leworldmodel_full	rank_load_balance	0.0199	2.7186	0.0315	2.7700	38979996	642208
padoc	leworldmodel_full	layer_compute_comm_overlap	0.0199	2.7186	0.4552	3.1936	38979996	642208
padoc	leworldmodel_full	gpu_bubble_rate	0.0199	2.7186	0.0326	2.7710	38979996	642208
raw_json	leworldmodel_full	operator_hotspot	0.3063	9.3931	1.9210	11.6204	732791857	9431240
raw_json	leworldmodel_full	rank_load_balance	0.3063	9.3931	0.0291	9.7286	732791857	9431240
raw_json	leworldmodel_full	layer_compute_comm_overlap	0.3063	9.3931	2.0305	11.7299	732791857	9431240
raw_json	leworldmodel_full	gpu_bubble_rate	0.3063	9.3931	0.0250	9.7245	732791857	9431240
gzip_json	leworldmodel_full	operator_hotspot	0.0178	11.0095	0.8880	11.9153	42966254	9475160
gzip_json	leworldmodel_full	rank_load_balance	0.0178	11.0095	0.0292	11.0565	42966254	9475160
gzip_json	leworldmodel_full	layer_compute_comm_overlap	0.0178	11.0095	1.9902	13.0175	42966254	9475160
gzip_json	leworldmodel_full	gpu_bubble_rate	0.0178	11.0095	0.0251	11.0524	42966254	9475160
scalatrace	leworldmodel_full	operator_hotspot	0.0313	2.7243	0.8873	3.6429	14298534	3200672
scalatrace	leworldmodel_full	rank_load_balance	0.0313	2.7243	0.0296	2.7852	14298534	3200672
scalatrace	leworldmodel_full	layer_compute_comm_overlap	0.0313	2.7243	2.0187	4.7743	14298534	3200672
scalatrace	leworldmodel_full	gpu_bubble_rate	0.0313	2.7243	0.0266	2.7822	14298534	3200672
tracezip	leworldmodel_full	operator_hotspot	0.2562	2.8191	0.8248	3.9002	28318201	3286544
tracezip	leworldmodel_full	rank_load_balance	0.2562	2.8191	0.0291	3.1045	28318201	3286544
tracezip	leworldmodel_full	layer_compute_comm_overlap	0.2562	2.8191	2.5596	5.6350	28318201	3286544
tracezip	leworldmodel_full	gpu_bubble_rate	0.2562	2.8191	0.0252	3.1006	28318201	3286544
padoc	qwen3_full	operator_hotspot	0.1203	12.9913	0.0650	13.1766	287737929	4702804
padoc	qwen3_full	rank_load_balance	0.1203	12.9913	0.1713	13.2829	287737929	4702804
padoc	qwen3_full	layer_compute_comm_overlap	0.1203	12.9913	5.6380	18.7496	287737929	4702804
padoc	qwen3_full	gpu_bubble_rate	0.1203	12.9913	0.4248	13.5364	287737929	4702804
raw_json	qwen3_full	operator_hotspot	2.2649	86.2492	14.6368	103.1509	5432657358	85923316
raw_json	qwen3_full	rank_load_balance	2.2649	86.2492	0.7621	89.2762	5432657358	85923316
raw_json	qwen3_full	layer_compute_comm_overlap	2.2649	86.2492	25.2074	113.7214	5432657358	85923316
raw_json	qwen3_full	gpu_bubble_rate	2.2649	86.2492	0.5191	89.0331	5432657358	85923316
gzip_json	qwen3_full	operator_hotspot	0.1660	84.5622	14.7204	99.4487	400086361	86226800
gzip_json	qwen3_full	rank_load_balance	0.1660	84.5622	0.8216	85.5499	400086361	86226800
gzip_json	qwen3_full	layer_compute_comm_overlap	0.1660	84.5622	26.9766	111.7049	400086361	86226800
gzip_json	qwen3_full	gpu_bubble_rate	0.1660	84.5622	0.5145	85.2428	400086361	86226800
scalatrace	qwen3_full	operator_hotspot	0.4357	20.7581	6.5799	27.7738	209944831	23922364
scalatrace	qwen3_full	rank_load_balance	0.4357	20.7581	0.7724	21.9663	209944831	23922364
scalatrace	qwen3_full	layer_compute_comm_overlap	0.4357	20.7581	25.8995	47.0934	209944831	25729784
scalatrace	qwen3_full	gpu_bubble_rate	0.4357	20.7581	0.5309	21.7248	209944831	25729784
tracezip	qwen3_full	operator_hotspot	0.7796	20.9960	6.2562	28.0318	279275021	24145512
tracezip	qwen3_full	rank_load_balance	0.7796	20.9960	0.6953	22.4708	279275021	24145512
tracezip	qwen3_full	layer_compute_comm_overlap	0.0775	21.0027	27.8686	48.9487	279275021	25730540
tracezip	qwen3_full	gpu_bubble_rate	0.0775	21.0027	0.5126	21.5928	279275021	25730540
padoc	unifolm_full	operator_hotspot	0.5370	62.3504	0.1816	63.0690	774945231	16054432
padoc	unifolm_full	rank_load_balance	0.5370	62.3504	1.0459	63.9333	774945231	16054432
padoc	unifolm_full	layer_compute_comm_overlap	0.5370	62.3504	8.3456	71.2330	774945231	16054432
padoc	unifolm_full	gpu_bubble_rate	0.5370	62.3504	1.4363	64.3237	774945231	16054432
raw_json	unifolm_full	operator_hotspot	9.6644	253.2922	42.2662	305.2228	19333881397	243725980
raw_json	unifolm_full	rank_load_balance	9.6644	253.2922	1.6082	264.5648	19333881397	243725980
raw_json	unifolm_full	layer_compute_comm_overlap	9.6644	253.2922	46.7737	309.7302	19333881397	243725980
raw_json	unifolm_full	gpu_bubble_rate	9.6644	253.2922	1.3295	264.2861	19333881397	243725980
gzip_json	unifolm_full	operator_hotspot	0.4421	451.3660	50.2285	501.6366	869627908	244487904
gzip_json	unifolm_full	rank_load_balance	0.4421	451.3660	1.7159	453.5240	869627908	244487904
gzip_json	unifolm_full	layer_compute_comm_overlap	0.4421	451.3660	52.1789	503.9870	869627908	244487904
gzip_json	unifolm_full	gpu_bubble_rate	0.4421	451.3660	1.5206	453.3287	869627908	244487904
scalatrace	unifolm_full	operator_hotspot	0.1515	56.1289	32.9297	89.2101	290357765	74885628
scalatrace	unifolm_full	rank_load_balance	0.1515	56.1289	1.5685	57.8489	290357765	74885628
scalatrace	unifolm_full	layer_compute_comm_overlap	0.1515	56.1289	45.1095	101.3899	290357765	74885628
scalatrace	unifolm_full	gpu_bubble_rate	0.1515	56.1289	1.3016	57.5820	290357765	74885628
tracezip	unifolm_full	operator_hotspot	0.2341	55.5393	33.6853	89.4587	508612748	76485076
tracezip	unifolm_full	rank_load_balance	0.2341	55.5393	1.3973	57.1707	508612748	76485076
tracezip	unifolm_full	layer_compute_comm_overlap	0.2341	55.5393	56.1765	111.9499	508612748	76485076
tracezip	unifolm_full	gpu_bubble_rate	0.2341	55.5393	1.1938	56.9672	508612748	76485076
padoc	llama_full	operator_hotspot	1.5501	110.3151	0.0813	111.9464	2614795618	30817100
padoc	llama_full	rank_load_balance	1.5501	110.3151	1.7144	113.5795	2614795618	30817100
padoc	llama_full	layer_compute_comm_overlap	1.5501	110.3151	49.5792	161.4443	2614795618	30817100
padoc	llama_full	gpu_bubble_rate	1.5501	110.3151	2.7247	114.5898	2614795618	30817100
scalatrace	llama_full	operator_hotspot	1.0697	218.6429	86.3968	306.1094	2136488816	227348664
scalatrace	llama_full	rank_load_balance	1.0697	218.6429	9.3012	229.0138	2136488816	227348664
scalatrace	llama_full	layer_compute_comm_overlap	1.0697	218.6429	192.9145	412.6271	2136488816	232521784
scalatrace	llama_full	gpu_bubble_rate	1.0697	218.6429	5.7581	225.4706	2136488816	232521784
tracezip	llama_full	operator_hotspot	1.1900	250.9677	85.4817	337.6395	2644857324	229328108
tracezip	llama_full	rank_load_balance	1.1900	250.9677	8.5159	260.6736	2644857324	229328108
tracezip	llama_full	layer_compute_comm_overlap	1.1900	250.9677	187.3449	439.5026	2644857324	232523592
tracezip	llama_full	gpu_bubble_rate	1.1900	250.9677	5.5059	257.6636	2644857324	232523592
